<NewDataSet>
  <xs:schema id="NewDataSet" xmlns="" xmlns:xs="http://www.w3.org/2001/XMLSchema" xmlns:msdata="urn:schemas-microsoft-com:xml-msdata" xmlns:msprop="urn:schemas-microsoft-com:xml-msprop">
    <xs:element name="NewDataSet" msdata:IsDataSet="true" msdata:UseCurrentLocale="true" msdata:IsReadOnly="False">
      <xs:complexType>
        <xs:choice minOccurs="0" maxOccurs="unbounded">
          <xs:element name="CMS_WorkflowStep" msprop:IsFromCMSDatabase="True">
            <xs:complexType>
              <xs:sequence>
                <xs:element name="StepID" type="xs:int" minOccurs="0" />
                <xs:element name="StepDisplayName" type="xs:string" minOccurs="0" />
                <xs:element name="StepName" type="xs:string" minOccurs="0" />
                <xs:element name="StepOrder" type="xs:int" minOccurs="0" />
                <xs:element name="StepWorkflowID" type="xs:int" minOccurs="0" />
                <xs:element name="StepGUID" msdata:DataType="System.Guid, mscorlib, Version=4.0.0.0, Culture=neutral, PublicKeyToken=b77a5c561934e089" type="xs:string" minOccurs="0" />
                <xs:element name="StepLastModified" type="xs:dateTime" minOccurs="0" />
                <xs:element name="StepType" type="xs:int" minOccurs="0" />
                <xs:element name="StepAllowReject" type="xs:boolean" minOccurs="0" />
                <xs:element name="StepDefinition" type="xs:string" minOccurs="0" />
                <xs:element name="StepRolesSecurity" type="xs:int" minOccurs="0" />
                <xs:element name="StepUsersSecurity" type="xs:int" minOccurs="0" />
                <xs:element name="StepApprovedTemplateName" type="xs:string" minOccurs="0" />
                <xs:element name="StepRejectedTemplateName" type="xs:string" minOccurs="0" />
                <xs:element name="StepReadyforApprovalTemplateName" type="xs:string" minOccurs="0" />
                <xs:element name="StepSendApproveEmails" type="xs:boolean" minOccurs="0" />
                <xs:element name="StepSendRejectEmails" type="xs:boolean" minOccurs="0" />
                <xs:element name="StepSendReadyForApprovalEmails" type="xs:boolean" minOccurs="0" />
                <xs:element name="StepSendEmails" type="xs:boolean" minOccurs="0" />
                <xs:element name="StepAllowPublish" type="xs:boolean" minOccurs="0" />
                <xs:element name="StepActionID" type="xs:int" minOccurs="0" />
                <xs:element name="StepActionParameters" type="xs:string" minOccurs="0" />
                <xs:element name="StepWorkflowType" type="xs:int" minOccurs="0" />
              </xs:sequence>
            </xs:complexType>
          </xs:element>
        </xs:choice>
      </xs:complexType>
    </xs:element>
  </xs:schema>
  <CMS_WorkflowStep>
    <StepID>20</StepID>
    <StepDisplayName>Archived</StepDisplayName>
    <StepName>archived</StepName>
    <StepOrder>5</StepOrder>
    <StepWorkflowID>1</StepWorkflowID>
    <StepGUID>9d987f6a-c420-49d8-aafd-898b7ec4ece9</StepGUID>
    <StepLastModified>2011-10-03T13:54:22.043+02:00</StepLastModified>
    <StepType>101</StepType>
    <StepWorkflowType>0</StepWorkflowType>
  </CMS_WorkflowStep>
  <CMS_WorkflowStep>
    <StepID>1</StepID>
    <StepDisplayName>Edit</StepDisplayName>
    <StepName>edit</StepName>
    <StepOrder>1</StepOrder>
    <StepWorkflowID>1</StepWorkflowID>
    <StepGUID>633c6b94-f891-4a37-ba9c-bd14f76bcde8</StepGUID>
    <StepLastModified>2012-05-28T16:38:11.523+02:00</StepLastModified>
    <StepType>2</StepType>
    <StepAllowReject>true</StepAllowReject>
    <StepDefinition>&lt;?xml version="1.0" encoding="utf-16"?&gt;
&lt;Step xmlns:xsi="http://www.w3.org/2001/XMLSchema-instance" xmlns:xsd="http://www.w3.org/2001/XMLSchema"&gt;
  &lt;TimeoutEnabled&gt;false&lt;/TimeoutEnabled&gt;
  &lt;TimeoutTarget&gt;00000000-0000-0000-0000-000000000000&lt;/TimeoutTarget&gt;
  &lt;SourcePoints /&gt;
  &lt;Position&gt;
    &lt;X&gt;0&lt;/X&gt;
    &lt;Y&gt;0&lt;/Y&gt;
  &lt;/Position&gt;
&lt;/Step&gt;</StepDefinition>
    <StepAllowPublish>false</StepAllowPublish>
    <StepActionParameters />
    <StepWorkflowType>0</StepWorkflowType>
  </CMS_WorkflowStep>
  <CMS_WorkflowStep>
    <StepID>2</StepID>
    <StepDisplayName>Published</StepDisplayName>
    <StepName>published</StepName>
    <StepOrder>4</StepOrder>
    <StepWorkflowID>1</StepWorkflowID>
    <StepGUID>4391d9e9-5954-41d0-b082-fef4b09bcff3</StepGUID>
    <StepLastModified>2013-02-07T09:02:55.043+01:00</StepLastModified>
    <StepType>100</StepType>
    <StepAllowReject>true</StepAllowReject>
    <StepDefinition>&lt;?xml version="1.0" encoding="utf-16"?&gt;
&lt;Step xmlns:xsd="http://www.w3.org/2001/XMLSchema" xmlns:xsi="http://www.w3.org/2001/XMLSchema-instance"&gt;
  &lt;TimeoutEnabled&gt;false&lt;/TimeoutEnabled&gt;
  &lt;TimeoutTarget&gt;00000000-0000-0000-0000-000000000000&lt;/TimeoutTarget&gt;
  &lt;SourcePoints /&gt;
  &lt;Position&gt;
    &lt;X&gt;0&lt;/X&gt;
    &lt;Y&gt;0&lt;/Y&gt;
  &lt;/Position&gt;
&lt;/Step&gt;</StepDefinition>
    <StepActionParameters />
    <StepWorkflowType>0</StepWorkflowType>
  </CMS_WorkflowStep>
  <CMS_WorkflowStep>
    <StepID>5881</StepID>
    <StepDisplayName>Archived</StepDisplayName>
    <StepName>archived</StepName>
    <StepWorkflowID>212</StepWorkflowID>
    <StepGUID>82696a71-5ddb-4eaf-9b0a-330a04d9eb18</StepGUID>
    <StepLastModified>2014-01-29T16:04:08.0306255+01:00</StepLastModified>
    <StepType>101</StepType>
    <StepAllowReject>false</StepAllowReject>
    <StepDefinition>&lt;?xml version="1.0" encoding="utf-16"?&gt;
&lt;Step xmlns:xsd="http://www.w3.org/2001/XMLSchema" xmlns:xsi="http://www.w3.org/2001/XMLSchema-instance"&gt;
  &lt;TimeoutEnabled&gt;false&lt;/TimeoutEnabled&gt;
  &lt;TimeoutTarget&gt;00000000-0000-0000-0000-000000000000&lt;/TimeoutTarget&gt;
  &lt;SourcePoints&gt;
    &lt;SourcePoint Guid="ce7750ac-6481-4993-976f-20940f253fd3"&gt;
      &lt;Label&gt;Standard&lt;/Label&gt;
      &lt;Type&gt;0&lt;/Type&gt;
      &lt;StepRolesSecurity&gt;0&lt;/StepRolesSecurity&gt;
      &lt;StepUsersSecurity&gt;0&lt;/StepUsersSecurity&gt;
    &lt;/SourcePoint&gt;
  &lt;/SourcePoints&gt;
  &lt;Position&gt;
    &lt;X&gt;1240&lt;/X&gt;
    &lt;Y&gt;2670&lt;/Y&gt;
  &lt;/Position&gt;
&lt;/Step&gt;</StepDefinition>
    <StepActionParameters />
    <StepWorkflowType>1</StepWorkflowType>
  </CMS_WorkflowStep>
  <CMS_WorkflowStep>
    <StepID>5879</StepID>
    <StepDisplayName>Edit</StepDisplayName>
    <StepName>edit</StepName>
    <StepWorkflowID>212</StepWorkflowID>
    <StepGUID>60290d0b-ea07-4c0f-98b2-36b092a4f8b0</StepGUID>
    <StepLastModified>2012-06-14T17:21:18.167+02:00</StepLastModified>
    <StepType>2</StepType>
    <StepAllowReject>false</StepAllowReject>
    <StepDefinition>&lt;?xml version="1.0" encoding="utf-16"?&gt;
&lt;Step xmlns:xsi="http://www.w3.org/2001/XMLSchema-instance" xmlns:xsd="http://www.w3.org/2001/XMLSchema"&gt;
  &lt;TimeoutEnabled&gt;false&lt;/TimeoutEnabled&gt;
  &lt;TimeoutTarget&gt;00000000-0000-0000-0000-000000000000&lt;/TimeoutTarget&gt;
  &lt;SourcePoints&gt;
    &lt;SourcePoint Guid="70204426-8569-464d-a2a5-7d062d4bd9e9"&gt;
      &lt;Label&gt;Standard&lt;/Label&gt;
      &lt;Type&gt;0&lt;/Type&gt;
      &lt;StepRolesSecurity&gt;0&lt;/StepRolesSecurity&gt;
      &lt;StepUsersSecurity&gt;0&lt;/StepUsersSecurity&gt;
    &lt;/SourcePoint&gt;
  &lt;/SourcePoints&gt;
  &lt;Position&gt;
    &lt;X&gt;230&lt;/X&gt;
    &lt;Y&gt;2670&lt;/Y&gt;
  &lt;/Position&gt;
&lt;/Step&gt;</StepDefinition>
    <StepActionParameters />
    <StepWorkflowType>1</StepWorkflowType>
  </CMS_WorkflowStep>
  <CMS_WorkflowStep>
    <StepID>5880</StepID>
    <StepDisplayName>Published</StepDisplayName>
    <StepName>published</StepName>
    <StepWorkflowID>212</StepWorkflowID>
    <StepGUID>4d346d84-a8af-4333-bef9-dd6bd84a9fd3</StepGUID>
    <StepLastModified>2014-01-29T16:04:03.9622187+01:00</StepLastModified>
    <StepType>100</StepType>
    <StepDefinition>&lt;?xml version="1.0" encoding="utf-16"?&gt;
&lt;Step xmlns:xsd="http://www.w3.org/2001/XMLSchema" xmlns:xsi="http://www.w3.org/2001/XMLSchema-instance"&gt;
  &lt;TimeoutEnabled&gt;false&lt;/TimeoutEnabled&gt;
  &lt;TimeoutTarget&gt;00000000-0000-0000-0000-000000000000&lt;/TimeoutTarget&gt;
  &lt;SourcePoints&gt;
    &lt;SourcePoint Guid="06e97b54-c45d-4225-ba7b-4c52676288ad"&gt;
      &lt;Label&gt;Standard&lt;/Label&gt;
      &lt;Type&gt;0&lt;/Type&gt;
      &lt;StepRolesSecurity&gt;0&lt;/StepRolesSecurity&gt;
      &lt;StepUsersSecurity&gt;0&lt;/StepUsersSecurity&gt;
    &lt;/SourcePoint&gt;
  &lt;/SourcePoints&gt;
  &lt;Position&gt;
    &lt;X&gt;980&lt;/X&gt;
    &lt;Y&gt;2670&lt;/Y&gt;
  &lt;/Position&gt;
&lt;/Step&gt;</StepDefinition>
    <StepActionParameters />
    <StepWorkflowType>1</StepWorkflowType>
  </CMS_WorkflowStep>
  <CMS_WorkflowStep>
    <StepID>5882</StepID>
    <StepDisplayName>Send for translation</StepDisplayName>
    <StepName>Send_for_translation</StepName>
    <StepWorkflowID>212</StepWorkflowID>
    <StepGUID>b8a60f49-6d78-457d-8d84-a2c667c49d83</StepGUID>
    <StepLastModified>2015-10-30T07:35:30.0050578+01:00</StepLastModified>
    <StepType>11</StepType>
    <StepAllowReject>true</StepAllowReject>
    <StepDefinition>&lt;?xml version="1.0" encoding="utf-16"?&gt;
&lt;Step xmlns:xsd="http://www.w3.org/2001/XMLSchema" xmlns:xsi="http://www.w3.org/2001/XMLSchema-instance"&gt;
  &lt;TimeoutEnabled&gt;false&lt;/TimeoutEnabled&gt;
  &lt;TimeoutTarget&gt;00000000-0000-0000-0000-000000000000&lt;/TimeoutTarget&gt;
  &lt;SourcePoints&gt;
    &lt;SourcePoint Guid="c71a1655-295d-4194-a751-910387cdbbd0"&gt;
      &lt;Label&gt;Standard&lt;/Label&gt;
      &lt;Type&gt;0&lt;/Type&gt;
      &lt;StepRolesSecurity&gt;0&lt;/StepRolesSecurity&gt;
      &lt;StepUsersSecurity&gt;0&lt;/StepUsersSecurity&gt;
    &lt;/SourcePoint&gt;
  &lt;/SourcePoints&gt;
  &lt;Position&gt;
    &lt;X&gt;720&lt;/X&gt;
    &lt;Y&gt;2670&lt;/Y&gt;
  &lt;/Position&gt;
&lt;/Step&gt;</StepDefinition>
    <StepSendEmails>false</StepSendEmails>
    <StepAllowPublish>false</StepAllowPublish>
    <StepActionID>52</StepActionID>
    <StepActionParameters>&lt;Parameters&gt;&lt;createsinglesubmission&gt;False&lt;/createsinglesubmission&gt;&lt;deadline&gt;7;day&lt;/deadline&gt;&lt;priority&gt;1&lt;/priority&gt;&lt;processbinary&gt;False&lt;/processbinary&gt;&lt;servicename&gt;ManualTranslation&lt;/servicename&gt;&lt;targetlanguage&gt;en-US&lt;/targetlanguage&gt;&lt;/Parameters&gt;</StepActionParameters>
    <StepWorkflowType>1</StepWorkflowType>
  </CMS_WorkflowStep>
  <CMS_WorkflowStep>
    <StepID>5883</StepID>
    <StepDisplayName>Approval</StepDisplayName>
    <StepName>Standard</StepName>
    <StepWorkflowID>212</StepWorkflowID>
    <StepGUID>64450a8e-550d-448f-9bfd-8a56c04c6336</StepGUID>
    <StepLastModified>2015-07-01T13:19:14.0426437+02:00</StepLastModified>
    <StepType>3</StepType>
    <StepAllowReject>true</StepAllowReject>
    <StepDefinition>&lt;?xml version="1.0" encoding="utf-16"?&gt;
&lt;Step xmlns:xsd="http://www.w3.org/2001/XMLSchema" xmlns:xsi="http://www.w3.org/2001/XMLSchema-instance"&gt;
  &lt;TimeoutEnabled&gt;false&lt;/TimeoutEnabled&gt;
  &lt;TimeoutInterval /&gt;
  &lt;TimeoutTarget&gt;00000000-0000-0000-0000-000000000000&lt;/TimeoutTarget&gt;
  &lt;SourcePoints&gt;
    &lt;SourcePoint Guid="9999619f-e6c0-47ab-968c-34a419b7186f"&gt;
      &lt;Label&gt;Standard&lt;/Label&gt;
      &lt;Text&gt;Send for translation and publish&lt;/Text&gt;
      &lt;Tooltip&gt;Sends the page for translation to the target languages and publishes this page.&lt;/Tooltip&gt;
      &lt;Condition /&gt;
      &lt;Type&gt;0&lt;/Type&gt;
      &lt;StepRolesSecurity&gt;0&lt;/StepRolesSecurity&gt;
      &lt;StepUsersSecurity&gt;0&lt;/StepUsersSecurity&gt;
    &lt;/SourcePoint&gt;
  &lt;/SourcePoints&gt;
  &lt;Position&gt;
    &lt;X&gt;470&lt;/X&gt;
    &lt;Y&gt;2670&lt;/Y&gt;
  &lt;/Position&gt;
&lt;/Step&gt;</StepDefinition>
    <StepAllowPublish>false</StepAllowPublish>
    <StepActionParameters />
    <StepWorkflowType>1</StepWorkflowType>
  </CMS_WorkflowStep>
  <CMS_WorkflowStep>
    <StepID>5871</StepID>
    <StepDisplayName>Archived</StepDisplayName>
    <StepName>archived</StepName>
    <StepWorkflowID>211</StepWorkflowID>
    <StepGUID>49c0826d-4cec-498e-8e9f-ab5c24f69740</StepGUID>
    <StepLastModified>2015-10-26T12:02:22.4852001+01:00</StepLastModified>
    <StepType>101</StepType>
    <StepAllowReject>false</StepAllowReject>
    <StepDefinition>&lt;?xml version="1.0" encoding="utf-16"?&gt;
&lt;Step xmlns:xsd="http://www.w3.org/2001/XMLSchema" xmlns:xsi="http://www.w3.org/2001/XMLSchema-instance"&gt;
  &lt;TimeoutEnabled&gt;false&lt;/TimeoutEnabled&gt;
  &lt;TimeoutTarget&gt;00000000-0000-0000-0000-000000000000&lt;/TimeoutTarget&gt;
  &lt;SourcePoints&gt;
    &lt;SourcePoint Guid="742ffb8d-80d9-46be-a493-04b9dc901162"&gt;
      &lt;Label&gt;Standard&lt;/Label&gt;
      &lt;Type&gt;0&lt;/Type&gt;
      &lt;StepRolesSecurity&gt;0&lt;/StepRolesSecurity&gt;
      &lt;StepUsersSecurity&gt;0&lt;/StepUsersSecurity&gt;
    &lt;/SourcePoint&gt;
  &lt;/SourcePoints&gt;
  &lt;Position&gt;
    &lt;X&gt;1560&lt;/X&gt;
    &lt;Y&gt;2600&lt;/Y&gt;
  &lt;/Position&gt;
&lt;/Step&gt;</StepDefinition>
    <StepRolesSecurity>1</StepRolesSecurity>
    <StepActionParameters />
    <StepWorkflowType>1</StepWorkflowType>
  </CMS_WorkflowStep>
  <CMS_WorkflowStep>
    <StepID>5874</StepID>
    <StepDisplayName>Translation ready condition</StepDisplayName>
    <StepName>Condition</StepName>
    <StepWorkflowID>211</StepWorkflowID>
    <StepGUID>0d4cea79-abcc-4a0c-a332-a24b42753a0e</StepGUID>
    <StepLastModified>2014-06-23T09:37:04.6641773+02:00</StepLastModified>
    <StepType>6</StepType>
    <StepAllowReject>true</StepAllowReject>
    <StepDefinition>&lt;?xml version="1.0" encoding="utf-16"?&gt;
&lt;Step xmlns:xsd="http://www.w3.org/2001/XMLSchema" xmlns:xsi="http://www.w3.org/2001/XMLSchema-instance"&gt;
  &lt;TimeoutEnabled&gt;false&lt;/TimeoutEnabled&gt;
  &lt;TimeoutTarget&gt;00000000-0000-0000-0000-000000000000&lt;/TimeoutTarget&gt;
  &lt;SourcePoints&gt;
    &lt;SourcePoint xsi:type="ConditionSourcePoint" Guid="07001585-607e-4115-9ccf-90cdbd4c05a6"&gt;
      &lt;Label&gt;If translation is ready&lt;/Label&gt;
      &lt;Text&gt;Import translation&lt;/Text&gt;
      &lt;Tooltip&gt;If translation is ready, the page will be translated.&lt;/Tooltip&gt;
      &lt;Condition&gt;{%Document.IsTranslationReady()|(user)administrator|(hash)84d9d08b0be7c801948188464634d893d2fbda833a1f7733321f4d44e51ceb5e%}&lt;/Condition&gt;
      &lt;Type&gt;1&lt;/Type&gt;
      &lt;StepRolesSecurity&gt;0&lt;/StepRolesSecurity&gt;
      &lt;StepUsersSecurity&gt;0&lt;/StepUsersSecurity&gt;
    &lt;/SourcePoint&gt;
    &lt;SourcePoint xsi:type="ElseSourcePoint" Guid="7c1a3c8d-093c-4b93-bc7e-3f68ce3e1f1a"&gt;
      &lt;Label&gt;Else&lt;/Label&gt;
      &lt;Type&gt;2&lt;/Type&gt;
      &lt;StepRolesSecurity&gt;0&lt;/StepRolesSecurity&gt;
      &lt;StepUsersSecurity&gt;0&lt;/StepUsersSecurity&gt;
    &lt;/SourcePoint&gt;
  &lt;/SourcePoints&gt;
  &lt;Position&gt;
    &lt;X&gt;560&lt;/X&gt;
    &lt;Y&gt;2880&lt;/Y&gt;
  &lt;/Position&gt;
&lt;/Step&gt;</StepDefinition>
    <StepRolesSecurity>0</StepRolesSecurity>
    <StepUsersSecurity>0</StepUsersSecurity>
    <StepAllowPublish>false</StepAllowPublish>
    <StepActionParameters />
    <StepWorkflowType>1</StepWorkflowType>
  </CMS_WorkflowStep>
  <CMS_WorkflowStep>
    <StepID>5869</StepID>
    <StepDisplayName>Edit</StepDisplayName>
    <StepName>edit</StepName>
    <StepWorkflowID>211</StepWorkflowID>
    <StepGUID>5f104454-f5a2-4f02-ade9-de782987c275</StepGUID>
    <StepLastModified>2015-10-26T12:02:59.7049217+01:00</StepLastModified>
    <StepType>2</StepType>
    <StepAllowReject>true</StepAllowReject>
    <StepDefinition>&lt;?xml version="1.0" encoding="utf-16"?&gt;
&lt;Step xmlns:xsd="http://www.w3.org/2001/XMLSchema" xmlns:xsi="http://www.w3.org/2001/XMLSchema-instance"&gt;
  &lt;TimeoutEnabled&gt;true&lt;/TimeoutEnabled&gt;
  &lt;TimeoutInterval&gt;minute;1/1/0001 12:00:00 AM;1;00:00:00;23:59:59.9999999;Monday,Tuesday,Wednesday,Thursday,Friday,Saturday,Sunday&lt;/TimeoutInterval&gt;
  &lt;TimeoutTarget&gt;feb7e072-bac9-4179-a122-9775791e343e&lt;/TimeoutTarget&gt;
  &lt;SourcePoints&gt;
    &lt;SourcePoint Guid="bfc73cd2-35bc-48d7-9bfb-804967b646ef"&gt;
      &lt;Label&gt;Standard&lt;/Label&gt;
      &lt;Type&gt;0&lt;/Type&gt;
      &lt;StepRolesSecurity&gt;0&lt;/StepRolesSecurity&gt;
      &lt;StepUsersSecurity&gt;0&lt;/StepUsersSecurity&gt;
    &lt;/SourcePoint&gt;
    &lt;SourcePoint xsi:type="TimeoutSourcePoint" Guid="feb7e072-bac9-4179-a122-9775791e343e"&gt;
      &lt;Label&gt;Timeout&lt;/Label&gt;
      &lt;Type&gt;3&lt;/Type&gt;
      &lt;StepRolesSecurity&gt;0&lt;/StepRolesSecurity&gt;
      &lt;StepUsersSecurity&gt;0&lt;/StepUsersSecurity&gt;
    &lt;/SourcePoint&gt;
  &lt;/SourcePoints&gt;
  &lt;Position&gt;
    &lt;X&gt;220&lt;/X&gt;
    &lt;Y&gt;2590&lt;/Y&gt;
  &lt;/Position&gt;
&lt;/Step&gt;</StepDefinition>
    <StepAllowPublish>false</StepAllowPublish>
    <StepActionParameters />
    <StepWorkflowType>1</StepWorkflowType>
  </CMS_WorkflowStep>
  <CMS_WorkflowStep>
    <StepID>5873</StepID>
    <StepDisplayName>Import translation</StepDisplayName>
    <StepName>Import_translation</StepName>
    <StepWorkflowID>211</StepWorkflowID>
    <StepGUID>626df3e9-b68a-42a5-9e05-74ec45e1f2aa</StepGUID>
    <StepLastModified>2015-10-26T12:04:49.7879289+01:00</StepLastModified>
    <StepType>11</StepType>
    <StepDefinition>&lt;?xml version="1.0" encoding="utf-16"?&gt;
&lt;Step xmlns:xsd="http://www.w3.org/2001/XMLSchema" xmlns:xsi="http://www.w3.org/2001/XMLSchema-instance"&gt;
  &lt;TimeoutEnabled&gt;false&lt;/TimeoutEnabled&gt;
  &lt;TimeoutTarget&gt;00000000-0000-0000-0000-000000000000&lt;/TimeoutTarget&gt;
  &lt;SourcePoints&gt;
    &lt;SourcePoint Guid="271ec955-2630-4a0d-8070-2aa30db80065"&gt;
      &lt;Label&gt;Standard&lt;/Label&gt;
      &lt;Type&gt;0&lt;/Type&gt;
      &lt;StepRolesSecurity&gt;0&lt;/StepRolesSecurity&gt;
      &lt;StepUsersSecurity&gt;0&lt;/StepUsersSecurity&gt;
    &lt;/SourcePoint&gt;
  &lt;/SourcePoints&gt;
  &lt;Position&gt;
    &lt;X&gt;880&lt;/X&gt;
    &lt;Y&gt;2600&lt;/Y&gt;
  &lt;/Position&gt;
&lt;/Step&gt;</StepDefinition>
    <StepSendEmails>false</StepSendEmails>
    <StepActionID>53</StepActionID>
    <StepActionParameters />
    <StepWorkflowType>1</StepWorkflowType>
  </CMS_WorkflowStep>
  <CMS_WorkflowStep>
    <StepID>5870</StepID>
    <StepDisplayName>Published</StepDisplayName>
    <StepName>published</StepName>
    <StepWorkflowID>211</StepWorkflowID>
    <StepGUID>491a9e56-ef97-4430-8ff1-184cde7022ae</StepGUID>
    <StepLastModified>2015-10-26T12:03:11.1660677+01:00</StepLastModified>
    <StepType>100</StepType>
    <StepDefinition>&lt;?xml version="1.0" encoding="utf-16"?&gt;
&lt;Step xmlns:xsd="http://www.w3.org/2001/XMLSchema" xmlns:xsi="http://www.w3.org/2001/XMLSchema-instance"&gt;
  &lt;TimeoutEnabled&gt;false&lt;/TimeoutEnabled&gt;
  &lt;TimeoutTarget&gt;00000000-0000-0000-0000-000000000000&lt;/TimeoutTarget&gt;
  &lt;SourcePoints&gt;
    &lt;SourcePoint Guid="8c087fa0-3f27-4381-983c-8bce419c967e"&gt;
      &lt;Label&gt;Standard&lt;/Label&gt;
      &lt;Type&gt;0&lt;/Type&gt;
      &lt;StepRolesSecurity&gt;0&lt;/StepRolesSecurity&gt;
      &lt;StepUsersSecurity&gt;0&lt;/StepUsersSecurity&gt;
    &lt;/SourcePoint&gt;
  &lt;/SourcePoints&gt;
  &lt;Position&gt;
    &lt;X&gt;1230&lt;/X&gt;
    &lt;Y&gt;2600&lt;/Y&gt;
  &lt;/Position&gt;
&lt;/Step&gt;</StepDefinition>
    <StepActionParameters />
    <StepWorkflowType>1</StepWorkflowType>
  </CMS_WorkflowStep>
  <CMS_WorkflowStep>
    <StepID>5877</StepID>
    <StepDisplayName>Wait 1 day</StepDisplayName>
    <StepName>Wait</StepName>
    <StepWorkflowID>211</StepWorkflowID>
    <StepGUID>71b91db5-72c1-489c-9a87-b9825d0adbad</StepGUID>
    <StepLastModified>2014-01-29T16:05:22.4510668+01:00</StepLastModified>
    <StepType>10</StepType>
    <StepAllowReject>true</StepAllowReject>
    <StepDefinition>&lt;?xml version="1.0" encoding="utf-16"?&gt;
&lt;Step xmlns:xsd="http://www.w3.org/2001/XMLSchema" xmlns:xsi="http://www.w3.org/2001/XMLSchema-instance"&gt;
  &lt;TimeoutEnabled&gt;true&lt;/TimeoutEnabled&gt;
  &lt;TimeoutInterval&gt;day;1/1/0001 12:00:00 AM;1;Monday,Tuesday,Wednesday,Thursday,Friday,Saturday,Sunday&lt;/TimeoutInterval&gt;
  &lt;TimeoutTarget&gt;00000000-0000-0000-0000-000000000000&lt;/TimeoutTarget&gt;
  &lt;SourcePoints&gt;
    &lt;SourcePoint Guid="da4480cb-cfdd-481e-a1a2-5c2b98e478f3"&gt;
      &lt;Label&gt;Standard&lt;/Label&gt;
      &lt;Text /&gt;
      &lt;Tooltip /&gt;
      &lt;Condition /&gt;
      &lt;Type&gt;0&lt;/Type&gt;
      &lt;StepRolesSecurity&gt;0&lt;/StepRolesSecurity&gt;
      &lt;StepUsersSecurity&gt;0&lt;/StepUsersSecurity&gt;
    &lt;/SourcePoint&gt;
  &lt;/SourcePoints&gt;
  &lt;Position&gt;
    &lt;X&gt;540&lt;/X&gt;
    &lt;Y&gt;2600&lt;/Y&gt;
  &lt;/Position&gt;
&lt;/Step&gt;</StepDefinition>
    <StepAllowPublish>false</StepAllowPublish>
    <StepActionParameters />
    <StepWorkflowType>1</StepWorkflowType>
  </CMS_WorkflowStep>
  <CMS_WorkflowStep>
    <StepID>256</StepID>
    <StepDisplayName>Archived</StepDisplayName>
    <StepName>archived</StepName>
    <StepOrder>3</StepOrder>
    <StepWorkflowID>46</StepWorkflowID>
    <StepGUID>8750289f-6686-4aa3-825c-b3cb89644fea</StepGUID>
    <StepLastModified>2010-09-07T10:37:52.317+02:00</StepLastModified>
    <StepType>101</StepType>
    <StepWorkflowType>0</StepWorkflowType>
  </CMS_WorkflowStep>
  <CMS_WorkflowStep>
    <StepID>254</StepID>
    <StepDisplayName>Edit</StepDisplayName>
    <StepName>edit</StepName>
    <StepOrder>1</StepOrder>
    <StepWorkflowID>46</StepWorkflowID>
    <StepGUID>6d3da94a-c830-408a-9738-65bf1c593551</StepGUID>
    <StepLastModified>2010-09-07T10:37:52.24+02:00</StepLastModified>
    <StepType>2</StepType>
    <StepWorkflowType>0</StepWorkflowType>
  </CMS_WorkflowStep>
  <CMS_WorkflowStep>
    <StepID>255</StepID>
    <StepDisplayName>Published</StepDisplayName>
    <StepName>published</StepName>
    <StepOrder>2</StepOrder>
    <StepWorkflowID>46</StepWorkflowID>
    <StepGUID>931aa2e0-ae9d-4cd4-a07c-c01bd6dd4080</StepGUID>
    <StepLastModified>2010-09-07T10:37:52.3+02:00</StepLastModified>
    <StepType>100</StepType>
    <StepWorkflowType>0</StepWorkflowType>
  </CMS_WorkflowStep>
</NewDataSet>